"Média_Saúde","Pstatus"
"3.5649717514124295","T"
"3.4634146341463414","A"
