"internet","Média_G2"
"yes","10.914893617021276"
"no","9.712121212121213"
