"VALOR_MINIMO_age","VALOR_MEDIO_age","VALOR_MAXIMO_age","Dalc"
"15","16.615942028985508","20","1"
"15","16.706666666666667","19","2"
"15","17.115384615384617","21","3"
"15","17.333333333333332","20","4"
"15","17.22222222222222","22","5"
