"sex","media_consumo_alcool_fim_de_semana","address"
"F","1.920731707317073","U"
"F","2.090909090909091","R"
"M","2.5664335664335662","U"
"M","2.977272727272727","R"
